{
  "dataset_reader": {
    "type": "informed_seq2seq_reader",
    "source_token_indexers": {
      // "elmo": {
      //   "type": "elmo_characters"
      // },
      "tokens": {
        "type": "single_id",
        "lowercase_tokens": true
      },
      "token_characters": {
        "type": "characters"
      }
    },
    "target_token_indexers": {
      // "elmo": {
      //   "type": "elmo_characters"
      // },
      "tokens": {
        "type": "single_id",
        "lowercase_tokens": true
      },
      "token_characters": {
        "type": "characters"
      }
    }
  },
  "train_data_path": "./data/java_train.txt",
  "validation_data_path": "./data/java_val.txt",
  "test_data_path": "./data/java_test.txt",
  "evaluate_on_test": true,
  "model": {
    "type": "informed_seq2seq",
    "max_decoding_steps": 20,
    "source_embedder": {
      "token_embedders": {
        // "elmo": {
        //   "type": "elmo_token_embedder",
        //   "do_layer_norm": false,
        //   "dropout": 0,
        //   "options_file": "https://allennlp.s3.amazonaws.com/models/elmo/2x4096_512_2048cnn_2xhighway/elmo_2x4096_512_2048cnn_2xhighway_options.json",
        //   "weight_file": "https://allennlp.s3.amazonaws.com/models/elmo/2x4096_512_2048cnn_2xhighway/elmo_2x4096_512_2048cnn_2xhighway_weights.hdf5"
        // },
        "tokens": {
          "type": "embedding",
          "embedding_dim": 50
          // "pretrained_file": "https://s3-us-west-2.amazonaws.com/allennlp/datasets/glove/glove.6B.50d.txt.gz",
          // "trainable": true
        },
        "token_characters": {
          "type": "character_encoding",
          "embedding": {
            "embedding_dim": 30
          },
          "encoder": {
            "type": "rnn",
            "input_size": 30,
            "hidden_size":50,
            "num_layers": 1,
            "dropout": 0.25
          }
        }
      }
    },
    "extra_embedder": {
      "token_embedders": {
        "tokens": {
          "type": "embedding",
          "embedding_dim": 1
        }
      }
    },
    "encoder": {
      "type": "rnn",
      "input_size": 100,
      "hidden_size": 90,
      "num_layers": 1
    },
    "extra_encoder": {
      "type": "pass_through",
      "input_dim": 1
    }
  },
  "iterator": {
    "type": "basic",
    "batch_size": 20
  },
  "trainer": {
    "optimizer": {
      "type": "adam",
      "lr": 0.001
    },
    "num_epochs": 50,
    "validation_metric": "+BLEU",
    "cuda_device": -1
  }
}